<?xml version="1.0" encoding="UTF-8"?>
<?fileVersion 4.0.0?><cproject storage_type_id="org.eclipse.cdt.core.XmlProjectDescriptionStorage">
  	
  <storageModule moduleId="org.eclipse.cdt.core.settings">
    		
    <cconfiguration id="fr.ac6.managedbuild.config.gnu.cross.exe.debug.1877427171">
      			
      <storageModule buildSystemId="org.eclipse.cdt.managedbuilder.core.configurationDataProvider" id="fr.ac6.managedbuild.config.gnu.cross.exe.debug.1877427171" moduleId="org.eclipse.cdt.core.settings" name="Debug">
        				
        <externalSettings />
        				
        <extensions>
          					
          <extension id="org.eclipse.cdt.core.ELF" point="org.eclipse.cdt.core.BinaryParser" />
          					
          <extension id="org.eclipse.cdt.core.GASErrorParser" point="org.eclipse.cdt.core.ErrorParser" />
          					
          <extension id="org.eclipse.cdt.core.GmakeErrorParser" point="org.eclipse.cdt.core.ErrorParser" />
          					
          <extension id="org.eclipse.cdt.core.GLDErrorParser" point="org.eclipse.cdt.core.ErrorParser" />
          					
          <extension id="org.eclipse.cdt.core.CWDLocator" point="org.eclipse.cdt.core.ErrorParser" />
          					
          <extension id="org.eclipse.cdt.core.GCCErrorParser" point="org.eclipse.cdt.core.ErrorParser" />
          				
        </extensions>
        			
      </storageModule>
      			
      <storageModule moduleId="cdtBuildSystem" version="4.0.0">
        				
        <configuration artifactExtension="elf" artifactName="${ProjName}" buildArtefactType="org.eclipse.cdt.build.core.buildArtefactType.exe" buildProperties="org.eclipse.cdt.build.core.buildArtefactType=org.eclipse.cdt.build.core.buildArtefactType.exe,org.eclipse.cdt.build.core.buildType=org.eclipse.cdt.build.core.buildType.debug" cleanCommand="rm -rf" description="" id="fr.ac6.managedbuild.config.gnu.cross.exe.debug.1877427171" name="Debug" parent="fr.ac6.managedbuild.config.gnu.cross.exe.debug" postannouncebuildStep="Generating hex and Printing size information:" postbuildStep="arm-none-eabi-objcopy -O ihex &quot;${BuildArtifactFileBaseName}.elf&quot; &quot;${BuildArtifactFileBaseName}.hex&quot; &amp;&amp; arm-none-eabi-size &quot;${BuildArtifactFileName}&quot;">
          					
          <folderInfo id="fr.ac6.managedbuild.config.gnu.cross.exe.debug.1877427171." name="/" resourcePath="">
            						
            <toolChain id="fr.ac6.managedbuild.toolchain.gnu.cross.exe.debug.988607517" name="Ac6 STM32 MCU GCC" superClass="fr.ac6.managedbuild.toolchain.gnu.cross.exe.debug">
              							
              <option id="fr.ac6.managedbuild.option.gnu.cross.prefix.2081805267" name="Prefix" superClass="fr.ac6.managedbuild.option.gnu.cross.prefix" value="arm-none-eabi-" valueType="string" />
              							
              <option id="fr.ac6.managedbuild.option.gnu.cross.mcu.1492133232" name="Mcu" superClass="fr.ac6.managedbuild.option.gnu.cross.mcu" value="STM32F429ZITx" valueType="string" />
              							
              <option id="fr.ac6.managedbuild.option.gnu.cross.board.1579154232" name="Board" superClass="fr.ac6.managedbuild.option.gnu.cross.board" value="32F429IDISCOVERY" valueType="string" />
              							
              <option id="fr.ac6.managedbuild.option.gnu.cross.core.1083960614" name="Core" superClass="fr.ac6.managedbuild.option.gnu.cross.core" valueType="stringList">
                								
                <listOptionValue builtIn="false" value="ARM Cortex-M4" />
                								
                <listOptionValue builtIn="false" value="CM4" />
                							
              </option>
              							
              <option id="fr.ac6.managedbuild.option.gnu.cross.instructionSet.1324685581" name="Instruction Set" superClass="fr.ac6.managedbuild.option.gnu.cross.instructionSet" value="fr.ac6.managedbuild.option.gnu.cross.instructionSet.thumbII" valueType="enumerated" />
              							
              <option id="fr.ac6.managedbuild.option.gnu.cross.fpu.1783229991" name="Floating point hardware" superClass="fr.ac6.managedbuild.option.gnu.cross.fpu" value="fr.ac6.managedbuild.option.gnu.cross.fpu.fpv4-sp-d16" valueType="enumerated" />
              							
              <option id="fr.ac6.managedbuild.option.gnu.cross.floatabi.496410243" name="Floating-point ABI" superClass="fr.ac6.managedbuild.option.gnu.cross.floatabi" value="fr.ac6.managedbuild.option.gnu.cross.floatabi.hard" valueType="enumerated" />
              							
              <targetPlatform archList="all" binaryParser="org.eclipse.cdt.core.ELF" id="fr.ac6.managedbuild.targetPlatform.gnu.cross.630918491" isAbstract="false" osList="all" superClass="fr.ac6.managedbuild.targetPlatform.gnu.cross" />
              							
              <builder buildPath="${workspace_loc:/DISC_TFT}/Debug" id="fr.ac6.managedbuild.builder.gnu.cross.1585908212" keepEnvironmentInBuildfile="false" managedBuildOn="true" name="Gnu Make Builder" superClass="fr.ac6.managedbuild.builder.gnu.cross">
                								
                <outputEntries>
                  									
                  <entry flags="VALUE_WORKSPACE_PATH|RESOLVED" kind="outputPath" name="Debug" />
                  								
                </outputEntries>
                							
              </builder>
              							
              <tool id="fr.ac6.managedbuild.tool.gnu.cross.c.compiler.807187979" name="MCU GCC Compiler" superClass="fr.ac6.managedbuild.tool.gnu.cross.c.compiler">
                								
                <option defaultValue="gnu.c.optimization.level.none" id="fr.ac6.managedbuild.gnu.c.compiler.option.optimization.level.1593256093" name="Optimization Level" superClass="fr.ac6.managedbuild.gnu.c.compiler.option.optimization.level" useByScannerDiscovery="false" value="fr.ac6.managedbuild.gnu.c.optimization.level.debug" valueType="enumerated" />
                								
                <option id="gnu.c.compiler.option.debugging.level.919927405" name="Debug Level" superClass="gnu.c.compiler.option.debugging.level" useByScannerDiscovery="false" value="gnu.c.debugging.level.max" valueType="enumerated" />
                								
                <option id="gnu.c.compiler.option.include.paths.1407358113" name="Include paths (-I)" superClass="gnu.c.compiler.option.include.paths" useByScannerDiscovery="false" valueType="includePath">
                  <listOptionValue builtIn="false" value="../Inc" />
                  <listOptionValue builtIn="false" value="../Drivers/STM32F4xx_HAL_Driver/Inc" />
                  <listOptionValue builtIn="false" value="../Drivers/STM32F4xx_HAL_Driver/Inc/Legacy" />
                  <listOptionValue builtIn="false" value="../Middlewares/Third_Party/FreeRTOS/Source/include" />
                  <listOptionValue builtIn="false" value="../Middlewares/Third_Party/FreeRTOS/Source/CMSIS_RTOS" />
                  <listOptionValue builtIn="false" value="../Middlewares/Third_Party/FreeRTOS/Source/portable/GCC/ARM_CM4F" />
                  <listOptionValue builtIn="false" value="../Middlewares/ST/STM32_USB_Host_Library/Core/Inc" />
                  <listOptionValue builtIn="false" value="../Middlewares/ST/STM32_USB_Host_Library/Class/CDC/Inc" />
                  <listOptionValue builtIn="false" value="../Drivers/CMSIS/Device/ST/STM32F4xx/Include" />
                  <listOptionValue builtIn="false" value="../Drivers/CMSIS/Include" />
                </option>
                								
                <option id="gnu.c.compiler.option.preprocessor.def.symbols.458294517" name="Defined symbols (-D)" superClass="gnu.c.compiler.option.preprocessor.def.symbols" useByScannerDiscovery="false" valueType="definedSymbols">
                  <listOptionValue builtIn="false" value="__weak=&quot;__attribute__((weak))&quot;" />
                  <listOptionValue builtIn="false" value="__packed=&quot;__attribute__((__packed__))&quot;" />
                  <listOptionValue builtIn="false" value="USE_HAL_DRIVER" />
                  <listOptionValue builtIn="false" value="STM32F429xx" />
                </option>
                								
                <option id="fr.ac6.managedbuild.gnu.c.compiler.option.misc.other.1999900034" superClass="fr.ac6.managedbuild.gnu.c.compiler.option.misc.other" value="-fmessage-length=0" valueType="string" />
                								
                <inputType id="fr.ac6.managedbuild.tool.gnu.cross.c.compiler.input.c.663443965" superClass="fr.ac6.managedbuild.tool.gnu.cross.c.compiler.input.c" />
                								
                <inputType id="fr.ac6.managedbuild.tool.gnu.cross.c.compiler.input.s.1124312022" superClass="fr.ac6.managedbuild.tool.gnu.cross.c.compiler.input.s" />
                							
              </tool>
              							
              <tool id="fr.ac6.managedbuild.tool.gnu.cross.cpp.compiler.362786877" name="MCU G++ Compiler" superClass="fr.ac6.managedbuild.tool.gnu.cross.cpp.compiler">
                								
                <option defaultValue="gnu.cpp.optimization.level.none" id="fr.ac6.managedbuild.gnu.cpp.compiler.option.optimization.level.2626136" name="Optimization Level" superClass="fr.ac6.managedbuild.gnu.cpp.compiler.option.optimization.level" useByScannerDiscovery="false" value="fr.ac6.managedbuild.gnu.cpp.optimization.level.debug" valueType="enumerated" />
                								
                <option id="gnu.cpp.compiler.option.debugging.level.1130392811" name="Debug Level" superClass="gnu.cpp.compiler.option.debugging.level" useByScannerDiscovery="false" value="gnu.cpp.compiler.debugging.level.max" valueType="enumerated" />
                								
                <option id="gnu.cpp.compiler.option.include.paths.1494459090" name="Include paths (-I)" superClass="gnu.cpp.compiler.option.include.paths" useByScannerDiscovery="false" valueType="includePath">
                  <listOptionValue builtIn="false" value="../Inc" />
                  <listOptionValue builtIn="false" value="../Drivers/STM32F4xx_HAL_Driver/Inc" />
                  <listOptionValue builtIn="false" value="../Drivers/STM32F4xx_HAL_Driver/Inc/Legacy" />
                  <listOptionValue builtIn="false" value="../Middlewares/Third_Party/FreeRTOS/Source/include" />
                  <listOptionValue builtIn="false" value="../Middlewares/Third_Party/FreeRTOS/Source/CMSIS_RTOS" />
                  <listOptionValue builtIn="false" value="../Middlewares/Third_Party/FreeRTOS/Source/portable/GCC/ARM_CM4F" />
                  <listOptionValue builtIn="false" value="../Middlewares/ST/STM32_USB_Host_Library/Core/Inc" />
                  <listOptionValue builtIn="false" value="../Middlewares/ST/STM32_USB_Host_Library/Class/CDC/Inc" />
                  <listOptionValue builtIn="false" value="../Drivers/CMSIS/Device/ST/STM32F4xx/Include" />
                  <listOptionValue builtIn="false" value="../Drivers/CMSIS/Include" />
                </option>
                								
                <option id="gnu.cpp.compiler.option.preprocessor.def.1728665749" name="Defined symbols (-D)" superClass="gnu.cpp.compiler.option.preprocessor.def" useByScannerDiscovery="false" valueType="definedSymbols">
                  <listOptionValue builtIn="false" value="__weak=&quot;__attribute__((weak))&quot;" />
                  <listOptionValue builtIn="false" value="__packed=&quot;__attribute__((__packed__))&quot;" />
                  <listOptionValue builtIn="false" value="USE_HAL_DRIVER" />
                  <listOptionValue builtIn="false" value="STM32F429xx" />
                </option>
                								
                <option id="fr.ac6.managedbuild.gnu.cpp.compiler.option.misc.other.1078580405" superClass="fr.ac6.managedbuild.gnu.cpp.compiler.option.misc.other" value="-fmessage-length=0" valueType="string" />
                								
                <inputType id="fr.ac6.managedbuild.tool.gnu.cross.cpp.compiler.input.cpp.36131084" superClass="fr.ac6.managedbuild.tool.gnu.cross.cpp.compiler.input.cpp" />
                								
                <inputType id="fr.ac6.managedbuild.tool.gnu.cross.cpp.compiler.input.s.1239322861" superClass="fr.ac6.managedbuild.tool.gnu.cross.cpp.compiler.input.s" />
                							
              </tool>
              							
              <tool id="fr.ac6.managedbuild.tool.gnu.cross.c.linker.1955600026" name="MCU GCC Linker" superClass="fr.ac6.managedbuild.tool.gnu.cross.c.linker">
                								
                <option id="fr.ac6.managedbuild.tool.gnu.cross.c.linker.script.1628457730" name="Linker Script (-T)" superClass="fr.ac6.managedbuild.tool.gnu.cross.c.linker.script" value="../STM32F429ZITx_FLASH.ld" valueType="string" />
                								
                <option id="gnu.c.link.option.libs.452176005" name="Libraries (-l)" superClass="gnu.c.link.option.libs" valueType="libs" />
                								
                <option id="gnu.c.link.option.paths.905778720" name="Library search path (-L)" superClass="gnu.c.link.option.paths" valueType="libPaths" />
                								
                <option id="gnu.c.link.option.ldflags.2050224545" superClass="gnu.c.link.option.ldflags" value="-specs=nosys.specs -specs=nano.specs" valueType="string" />
                								
                <option id="gnu.c.link.option.other.1226410073" name="Other options (-Xlinker [option])" superClass="gnu.c.link.option.other" useByScannerDiscovery="false" valueType="stringList" />
                								
                <inputType id="cdt.managedbuild.tool.gnu.c.linker.input.1013313403" superClass="cdt.managedbuild.tool.gnu.c.linker.input">
                  									
                  <additionalInput kind="additionalinputdependency" paths="$(USER_OBJS)" />
                  									
                  <additionalInput kind="additionalinput" paths="$(LIBS)" />
                  								
                </inputType>
                							
              </tool>
              							
              <tool id="fr.ac6.managedbuild.tool.gnu.cross.cpp.linker.593773827" name="MCU G++ Linker" superClass="fr.ac6.managedbuild.tool.gnu.cross.cpp.linker">
                								
                <option id="fr.ac6.managedbuild.tool.gnu.cross.cpp.linker.script.635138458" name="Linker Script (-T)" superClass="fr.ac6.managedbuild.tool.gnu.cross.cpp.linker.script" value="../STM32F429ZITx_FLASH.ld" valueType="string" />
                								
                <option id="gnu.cpp.link.option.libs.267546880" name="Libraries (-l)" superClass="gnu.cpp.link.option.libs" valueType="libs" />
                								
                <option id="gnu.cpp.link.option.paths.608148638" name="Library search path (-L)" superClass="gnu.cpp.link.option.paths" valueType="libPaths" />
                								
                <option id="gnu.cpp.link.option.flags.1650799522" superClass="gnu.cpp.link.option.flags" value="-specs=nosys.specs -specs=nano.specs" valueType="string" />
                								
                <option id="gnu.cpp.link.option.other.342070494" name="Other options (-Xlinker [option])" superClass="gnu.cpp.link.option.other" useByScannerDiscovery="false" valueType="stringList" />
                								
                <inputType id="cdt.managedbuild.tool.gnu.cpp.linker.input.830967050" superClass="cdt.managedbuild.tool.gnu.cpp.linker.input">
                  									
                  <additionalInput kind="additionalinputdependency" paths="$(USER_OBJS)" />
                  									
                  <additionalInput kind="additionalinput" paths="$(LIBS)" />
                  								
                </inputType>
                							
              </tool>
              							
              <tool id="fr.ac6.managedbuild.tool.gnu.archiver.869297404" name="MCU GCC Archiver" superClass="fr.ac6.managedbuild.tool.gnu.archiver" />
              							
              <tool id="fr.ac6.managedbuild.tool.gnu.cross.assembler.220567746" name="MCU GCC Assembler" superClass="fr.ac6.managedbuild.tool.gnu.cross.assembler">
                								
                <option id="gnu.both.asm.option.include.paths.41810617" name="Include paths (-I)" superClass="gnu.both.asm.option.include.paths" valueType="includePath">
									
									
								</option>
                								
                <inputType id="cdt.managedbuild.tool.gnu.assembler.input.591703684" superClass="cdt.managedbuild.tool.gnu.assembler.input" />
                								
                <inputType id="fr.ac6.managedbuild.tool.gnu.cross.assembler.input.1910480048" superClass="fr.ac6.managedbuild.tool.gnu.cross.assembler.input" />
                							
              </tool>
              						
            </toolChain>
            					
          </folderInfo>
          					
          <sourceEntries>
            <entry excluding="" flags="VALUE_WORKSPACE_PATH|RESOLVED" kind="sourcePath" name="startup" />
            <entry excluding="" flags="VALUE_WORKSPACE_PATH|RESOLVED" kind="sourcePath" name="Middlewares" />
            <entry excluding="" flags="VALUE_WORKSPACE_PATH|RESOLVED" kind="sourcePath" name="Drivers" />
            <entry excluding="" flags="VALUE_WORKSPACE_PATH|RESOLVED" kind="sourcePath" name="Src" />
            <entry excluding="" flags="VALUE_WORKSPACE_PATH|RESOLVED" kind="sourcePath" name="Inc" />
            						
					
          </sourceEntries>
          				
        </configuration>
        			
      </storageModule>
      			
      <storageModule moduleId="org.eclipse.cdt.core.externalSettings" />
      		
    </cconfiguration>
    		
    <cconfiguration id="fr.ac6.managedbuild.config.gnu.cross.exe.release.1549764352">
      			
      <storageModule buildSystemId="org.eclipse.cdt.managedbuilder.core.configurationDataProvider" id="fr.ac6.managedbuild.config.gnu.cross.exe.release.1549764352" moduleId="org.eclipse.cdt.core.settings" name="Release">
        				
        <externalSettings />
        				
        <extensions>
          					
          <extension id="org.eclipse.cdt.core.ELF" point="org.eclipse.cdt.core.BinaryParser" />
          					
          <extension id="org.eclipse.cdt.core.GASErrorParser" point="org.eclipse.cdt.core.ErrorParser" />
          					
          <extension id="org.eclipse.cdt.core.GmakeErrorParser" point="org.eclipse.cdt.core.ErrorParser" />
          					
          <extension id="org.eclipse.cdt.core.GLDErrorParser" point="org.eclipse.cdt.core.ErrorParser" />
          					
          <extension id="org.eclipse.cdt.core.CWDLocator" point="org.eclipse.cdt.core.ErrorParser" />
          					
          <extension id="org.eclipse.cdt.core.GCCErrorParser" point="org.eclipse.cdt.core.ErrorParser" />
          				
        </extensions>
        			
      </storageModule>
      			
      <storageModule moduleId="cdtBuildSystem" version="4.0.0">
        				
        <configuration artifactExtension="elf" artifactName="${ProjName}" buildArtefactType="org.eclipse.cdt.build.core.buildArtefactType.exe" buildProperties="org.eclipse.cdt.build.core.buildArtefactType=org.eclipse.cdt.build.core.buildArtefactType.exe,org.eclipse.cdt.build.core.buildType=org.eclipse.cdt.build.core.buildType.release" cleanCommand="rm -rf" description="" id="fr.ac6.managedbuild.config.gnu.cross.exe.release.1549764352" name="Release" parent="fr.ac6.managedbuild.config.gnu.cross.exe.release" postannouncebuildStep="Generating hex and Printing size information:" postbuildStep="arm-none-eabi-objcopy -O ihex &quot;${BuildArtifactFileBaseName}.elf&quot; &quot;${BuildArtifactFileBaseName}.hex&quot; &amp;&amp; arm-none-eabi-size &quot;${BuildArtifactFileName}&quot;">
          					
          <folderInfo id="fr.ac6.managedbuild.config.gnu.cross.exe.release.1549764352." name="/" resourcePath="">
            						
            <toolChain id="fr.ac6.managedbuild.toolchain.gnu.cross.exe.release.1299702960" name="Ac6 STM32 MCU GCC" superClass="fr.ac6.managedbuild.toolchain.gnu.cross.exe.release">
              							
              <option id="fr.ac6.managedbuild.option.gnu.cross.prefix.2081805267" name="Prefix" superClass="fr.ac6.managedbuild.option.gnu.cross.prefix" value="arm-none-eabi-" valueType="string" />
              							
              <option id="fr.ac6.managedbuild.option.gnu.cross.mcu.1492133232" name="Mcu" superClass="fr.ac6.managedbuild.option.gnu.cross.mcu" value="STM32F429ZITx" valueType="string" />
              							
              <option id="fr.ac6.managedbuild.option.gnu.cross.board.1579154232" name="Board" superClass="fr.ac6.managedbuild.option.gnu.cross.board" value="32F429IDISCOVERY" valueType="string" />
              							
              <option id="fr.ac6.managedbuild.option.gnu.cross.core.1083960614" name="Core" superClass="fr.ac6.managedbuild.option.gnu.cross.core" valueType="stringList">
                								
                <listOptionValue builtIn="false" value="ARM Cortex-M4" />
                								
                <listOptionValue builtIn="false" value="CM4" />
                							
              </option>
              							
              <option id="fr.ac6.managedbuild.option.gnu.cross.instructionSet.1324685581" name="Instruction Set" superClass="fr.ac6.managedbuild.option.gnu.cross.instructionSet" value="fr.ac6.managedbuild.option.gnu.cross.instructionSet.thumbII" valueType="enumerated" />
              							
              <option id="fr.ac6.managedbuild.option.gnu.cross.fpu.1783229991" name="Floating point hardware" superClass="fr.ac6.managedbuild.option.gnu.cross.fpu" value="fr.ac6.managedbuild.option.gnu.cross.fpu.fpv4-sp-d16" valueType="enumerated" />
              							
              <option id="fr.ac6.managedbuild.option.gnu.cross.floatabi.496410243" name="Floating-point ABI" superClass="fr.ac6.managedbuild.option.gnu.cross.floatabi" value="fr.ac6.managedbuild.option.gnu.cross.floatabi.hard" valueType="enumerated" />
              							
              <targetPlatform archList="all" binaryParser="org.eclipse.cdt.core.ELF" id="fr.ac6.managedbuild.targetPlatform.gnu.cross.630918491" isAbstract="false" osList="all" superClass="fr.ac6.managedbuild.targetPlatform.gnu.cross" />
              							
              <builder buildPath="${workspace_loc:/DISC_TFT}/Release" id="fr.ac6.managedbuild.builder.gnu.cross.1585908212" keepEnvironmentInBuildfile="false" managedBuildOn="true" name="Gnu Make Builder" superClass="fr.ac6.managedbuild.builder.gnu.cross">
                								
                <outputEntries>
                  									
                  <entry flags="VALUE_WORKSPACE_PATH|RESOLVED" kind="outputPath" name="Release" />
                  								
                </outputEntries>
                							
              </builder>
              							
              <tool id="fr.ac6.managedbuild.tool.gnu.cross.c.compiler.807187979" name="MCU GCC Compiler" superClass="fr.ac6.managedbuild.tool.gnu.cross.c.compiler">
                								
                <option defaultValue="gnu.c.optimization.level.none" id="fr.ac6.managedbuild.gnu.c.compiler.option.optimization.level.1593256093" name="Optimization Level" superClass="fr.ac6.managedbuild.gnu.c.compiler.option.optimization.level" useByScannerDiscovery="false" value="fr.ac6.managedbuild.gnu.c.optimization.level.debug" valueType="enumerated" />
                								
                <option id="gnu.c.compiler.option.debugging.level.919927405" name="Debug Level" superClass="gnu.c.compiler.option.debugging.level" useByScannerDiscovery="false" value="gnu.c.debugging.level.max" valueType="enumerated" />
                								
                <option id="gnu.c.compiler.option.include.paths.1407358113" name="Include paths (-I)" superClass="gnu.c.compiler.option.include.paths" useByScannerDiscovery="false" valueType="includePath">
                  <listOptionValue builtIn="false" value="../Inc" />
                  <listOptionValue builtIn="false" value="../Drivers/STM32F4xx_HAL_Driver/Inc" />
                  <listOptionValue builtIn="false" value="../Drivers/STM32F4xx_HAL_Driver/Inc/Legacy" />
                  <listOptionValue builtIn="false" value="../Middlewares/Third_Party/FreeRTOS/Source/include" />
                  <listOptionValue builtIn="false" value="../Middlewares/Third_Party/FreeRTOS/Source/CMSIS_RTOS" />
                  <listOptionValue builtIn="false" value="../Middlewares/Third_Party/FreeRTOS/Source/portable/GCC/ARM_CM4F" />
                  <listOptionValue builtIn="false" value="../Middlewares/ST/STM32_USB_Host_Library/Core/Inc" />
                  <listOptionValue builtIn="false" value="../Middlewares/ST/STM32_USB_Host_Library/Class/CDC/Inc" />
                  <listOptionValue builtIn="false" value="../Drivers/CMSIS/Device/ST/STM32F4xx/Include" />
                  <listOptionValue builtIn="false" value="../Drivers/CMSIS/Include" />
                </option>
                								
                <option id="gnu.c.compiler.option.preprocessor.def.symbols.458294517" name="Defined symbols (-D)" superClass="gnu.c.compiler.option.preprocessor.def.symbols" useByScannerDiscovery="false" valueType="definedSymbols">
                  <listOptionValue builtIn="false" value="__weak=&quot;__attribute__((weak))&quot;" />
                  <listOptionValue builtIn="false" value="__packed=&quot;__attribute__((__packed__))&quot;" />
                  <listOptionValue builtIn="false" value="USE_HAL_DRIVER" />
                  <listOptionValue builtIn="false" value="STM32F429xx" />
                </option>
                								
                <option id="fr.ac6.managedbuild.gnu.c.compiler.option.misc.other.1999900034" superClass="fr.ac6.managedbuild.gnu.c.compiler.option.misc.other" value="-fmessage-length=0" valueType="string" />
                								
                <inputType id="fr.ac6.managedbuild.tool.gnu.cross.c.compiler.input.c.663443965" superClass="fr.ac6.managedbuild.tool.gnu.cross.c.compiler.input.c" />
                								
                <inputType id="fr.ac6.managedbuild.tool.gnu.cross.c.compiler.input.s.1124312022" superClass="fr.ac6.managedbuild.tool.gnu.cross.c.compiler.input.s" />
                							
              </tool>
              							
              <tool id="fr.ac6.managedbuild.tool.gnu.cross.cpp.compiler.362786877" name="MCU G++ Compiler" superClass="fr.ac6.managedbuild.tool.gnu.cross.cpp.compiler">
                								
                <option defaultValue="gnu.cpp.optimization.level.none" id="fr.ac6.managedbuild.gnu.cpp.compiler.option.optimization.level.2626136" name="Optimization Level" superClass="fr.ac6.managedbuild.gnu.cpp.compiler.option.optimization.level" useByScannerDiscovery="false" value="fr.ac6.managedbuild.gnu.cpp.optimization.level.debug" valueType="enumerated" />
                								
                <option id="gnu.cpp.compiler.option.debugging.level.1130392811" name="Debug Level" superClass="gnu.cpp.compiler.option.debugging.level" useByScannerDiscovery="false" value="gnu.cpp.debugging.level.max" valueType="enumerated" />
                								
                <option id="gnu.cpp.compiler.option.include.paths.1494459090" name="Include paths (-I)" superClass="gnu.cpp.compiler.option.include.paths" useByScannerDiscovery="false" valueType="includePath">
                  <listOptionValue builtIn="false" value="../Inc" />
                  <listOptionValue builtIn="false" value="../Drivers/STM32F4xx_HAL_Driver/Inc" />
                  <listOptionValue builtIn="false" value="../Drivers/STM32F4xx_HAL_Driver/Inc/Legacy" />
                  <listOptionValue builtIn="false" value="../Middlewares/Third_Party/FreeRTOS/Source/include" />
                  <listOptionValue builtIn="false" value="../Middlewares/Third_Party/FreeRTOS/Source/CMSIS_RTOS" />
                  <listOptionValue builtIn="false" value="../Middlewares/Third_Party/FreeRTOS/Source/portable/GCC/ARM_CM4F" />
                  <listOptionValue builtIn="false" value="../Middlewares/ST/STM32_USB_Host_Library/Core/Inc" />
                  <listOptionValue builtIn="false" value="../Middlewares/ST/STM32_USB_Host_Library/Class/CDC/Inc" />
                  <listOptionValue builtIn="false" value="../Drivers/CMSIS/Device/ST/STM32F4xx/Include" />
                  <listOptionValue builtIn="false" value="../Drivers/CMSIS/Include" />
                </option>
                								
                <option id="gnu.cpp.compiler.option.preprocessor.def.symbols.745095978" name="Defined symbols (-D)" superClass="gnu.cpp.compiler.option.preprocessor.def.symbols" useByScannerDiscovery="false" valueType="definedSymbols">
                  <listOptionValue builtIn="false" value="__weak=&quot;__attribute__((weak))&quot;" />
                  <listOptionValue builtIn="false" value="__packed=&quot;__attribute__((__packed__))&quot;" />
                  <listOptionValue builtIn="false" value="USE_HAL_DRIVER" />
                  <listOptionValue builtIn="false" value="STM32F429xx" />
                </option>
                								
                <option id="fr.ac6.managedbuild.gnu.cpp.compiler.option.misc.other.1078580405" superClass="fr.ac6.managedbuild.gnu.cpp.compiler.option.misc.other" value="-fmessage-length=0" valueType="string" />
                								
                <inputType id="fr.ac6.managedbuild.tool.gnu.cross.cpp.compiler.input.cpp.36131084" superClass="fr.ac6.managedbuild.tool.gnu.cross.cpp.compiler.input.cpp" />
                								
                <inputType id="fr.ac6.managedbuild.tool.gnu.cross.cpp.compiler.input.s.1239322861" superClass="fr.ac6.managedbuild.tool.gnu.cross.cpp.compiler.input.s" />
                							
              </tool>
              							
              <tool id="fr.ac6.managedbuild.tool.gnu.cross.c.linker.1955600026" name="MCU GCC Linker" superClass="fr.ac6.managedbuild.tool.gnu.cross.c.linker">
                								
                <option id="fr.ac6.managedbuild.tool.gnu.cross.c.linker.script.1628457730" name="Linker Script (-T)" superClass="fr.ac6.managedbuild.tool.gnu.cross.c.linker.script" value="../STM32F429ZITx_FLASH.ld" valueType="string" />
                								
                <option id="gnu.c.link.option.libs.452176005" name="Libraries (-l)" superClass="gnu.c.link.option.libs" valueType="libs" />
                								
                <option id="gnu.c.link.option.paths.905778720" name="Library search path (-L)" superClass="gnu.c.link.option.paths" valueType="libPaths" />
                								
                <option id="gnu.c.link.option.ldflags.2050224545" superClass="gnu.c.link.option.ldflags" value="-specs=nosys.specs -specs=nano.specs" valueType="string" />
                								
                <option id="gnu.c.link.option.other.1226410073" name="Other options (-Xlinker [option])" superClass="gnu.c.link.option.other" useByScannerDiscovery="false" valueType="stringList" />
                								
                <inputType id="cdt.managedbuild.tool.gnu.c.linker.input.1013313403" superClass="cdt.managedbuild.tool.gnu.c.linker.input">
                  									
                  <additionalInput kind="additionalinputdependency" paths="$(USER_OBJS)" />
                  									
                  <additionalInput kind="additionalinput" paths="$(LIBS)" />
                  								
                </inputType>
                							
              </tool>
              							
              <tool id="fr.ac6.managedbuild.tool.gnu.cross.cpp.linker.593773827" name="MCU G++ Linker" superClass="fr.ac6.managedbuild.tool.gnu.cross.cpp.linker">
                								
                <option id="fr.ac6.managedbuild.tool.gnu.cross.cpp.linker.script.635138458" name="Linker Script (-T)" superClass="fr.ac6.managedbuild.tool.gnu.cross.cpp.linker.script" value="../STM32F429ZITx_FLASH.ld" valueType="string" />
                								
                <option id="gnu.cpp.link.option.libs.267546880" name="Libraries (-l)" superClass="gnu.cpp.link.option.libs" valueType="libs" />
                								
                <option id="gnu.cpp.link.option.paths.608148638" name="Library search path (-L)" superClass="gnu.cpp.link.option.paths" valueType="libPaths" />
                								
                <option id="gnu.cpp.link.option.ldflags.651039976" superClass="gnu.cpp.link.option.ldflags" value="-specs=nosys.specs -specs=nano.specs" valueType="string" />
                								
                <option id="gnu.cpp.link.option.other.342070494" name="Other options (-Xlinker [option])" superClass="gnu.cpp.link.option.other" useByScannerDiscovery="false" valueType="stringList" />
                								
                <inputType id="cdt.managedbuild.tool.gnu.cpp.linker.input.830967050" superClass="cdt.managedbuild.tool.gnu.cpp.linker.input">
                  									
                  <additionalInput kind="additionalinputdependency" paths="$(USER_OBJS)" />
                  									
                  <additionalInput kind="additionalinput" paths="$(LIBS)" />
                  								
                </inputType>
                							
              </tool>
              	
							
              <tool id="fr.ac6.managedbuild.tool.gnu.archiver.869297404" name="MCU GCC Archiver" superClass="fr.ac6.managedbuild.tool.gnu.archiver" />
              							
              <tool id="fr.ac6.managedbuild.tool.gnu.cross.assembler.exe.release.639763003" name="MCU GCC Assembler" superClass="fr.ac6.managedbuild.tool.gnu.cross.assembler.exe.release">
                								
                <option id="gnu.both.asm.option.include.paths.41810617" name="Include paths (-I)" superClass="gnu.both.asm.option.include.paths" valueType="includePath">
									
								</option>
                								
                <inputType id="cdt.managedbuild.tool.gnu.assembler.input.591703684" superClass="cdt.managedbuild.tool.gnu.assembler.input" />
                								
                <inputType id="fr.ac6.managedbuild.tool.gnu.cross.assembler.input.1910480048" superClass="fr.ac6.managedbuild.tool.gnu.cross.assembler.input" />
                							
              </tool>
              						
            </toolChain>
            					
          </folderInfo>
          					
          <sourceEntries>
            <entry excluding="" flags="VALUE_WORKSPACE_PATH|RESOLVED" kind="sourcePath" name="startup" />
            <entry excluding="" flags="VALUE_WORKSPACE_PATH|RESOLVED" kind="sourcePath" name="Middlewares" />
            <entry excluding="" flags="VALUE_WORKSPACE_PATH|RESOLVED" kind="sourcePath" name="Drivers" />
            <entry excluding="" flags="VALUE_WORKSPACE_PATH|RESOLVED" kind="sourcePath" name="Src" />
            <entry excluding="" flags="VALUE_WORKSPACE_PATH|RESOLVED" kind="sourcePath" name="Inc" />
            						
					
          </sourceEntries>
          				
        </configuration>
        			
      </storageModule>
      			
      <storageModule moduleId="org.eclipse.cdt.core.externalSettings" />
      		
    </cconfiguration>
    	
  </storageModule>
  	
  <storageModule moduleId="cdtBuildSystem" version="4.0.0">
    		
    <project id="DISC_TFT.fr.ac6.managedbuild.target.gnu.cross.exe.519933862" name="Executable" projectType="fr.ac6.managedbuild.target.gnu.cross.exe" />
    	
  </storageModule>
  	
  <storageModule moduleId="scannerConfiguration">
    		
    <autodiscovery enabled="true" problemReportingEnabled="true" selectedProfileId="" />
    		
    <scannerConfigBuildInfo instanceId="fr.ac6.managedbuild.config.gnu.cross.exe.debug.1877427171;fr.ac6.managedbuild.config.gnu.cross.exe.debug.1877427171.;fr.ac6.managedbuild.tool.gnu.cross.c.compiler.807187979;fr.ac6.managedbuild.tool.gnu.cross.c.compiler.input.c.663443965">
      			
      <autodiscovery enabled="false" problemReportingEnabled="true" selectedProfileId="" />
      		
    </scannerConfigBuildInfo>
    	
  </storageModule>
  	
  <storageModule moduleId="org.eclipse.cdt.core.LanguageSettingsProviders" />
  	
  <storageModule moduleId="refreshScope" versionNumber="2">
    		
    <configuration artifactName="${ProjName}" configurationName="Debug">
      			
      <resource resourceType="PROJECT" workspacePath="DISC_TFT" />
      		
    </configuration>
    	
  </storageModule>
  
</cproject>
